매장번호,매장명,매장주소,24시간서비스,연락처
540,마산삼계롯데마트,"
경상남도 창원시 마산회원구 내서읍 경남대로 927, 1층 
",NO,055-713-7577
538,수원정자,"
경기 수원시 장안구 정자천로 173번길 11-7, 101호 일부, 102호(정자동) 
",NO,031-271-3161
537,평택동삭,"
경기도 평택시 지제동삭2로 181-40 
",NO,031-647-9678
536,경기광주경안,"
경기도 광주시 중앙로 83 1F 
",NO,031-797-7242
535,군산롯데몰,"
전라북도 군산시 조촌로 130 
",NO,063-466-9711
534,제주노형,"
제주특별자치도 제주시 1100로 3347 세기트라이빌딩 1층 
",NO,064-749-7739
533,신대방삼거리,"
서울시 동작구 상도동 348-170 
",NO,02-6085-0029
532,대치,"
서울시 강남구 도곡로 447 
",NO,02-562-8882
531,원주무실,"
강원도 원주시 능라동길 61, 정한타워 111호~112호 
",NO,033-745-1509
530,순천신대,"
전라남도 순천시 해룡면 향매로 79 
",NO,061-726-0905
529,서강대,"
서울특별시 마포구 백범로 21 
",NO,02-711-7007
528,울산언양,"
울산광역시 울주군 언양읍 읍성로 38, 1층 
",NO,052-264-2082
527,남양주법조타운,"
경기 남양주시 다산동  6169 다산메인타워 109, 110, 111호 
",NO,031-564-3335
526,증미역,"
서울시 강서구 등촌동 631-5 1층 
",NO,02-2013-5678
525,대구동대구,"
대구광역시 동구 신천동 386-3 
",NO,053-742-0242
524,삼전역,"
서울시 송파구 백제고분로 197, 1층 101호 
",NO,02-425-5141
523,대전반석,"
대전광역시 유성구 북유성대로 303, 101~102호/104호 
",NO,042-825-0605
522,하남시청역,"
경기도 하남시 신평로 65 
",NO,031-794-2022
521,과천중앙,"
경기도 과천시 별양상가 3로 14 
",NO,02-504-3140
520,청량리역사,"
서울특별시 동대문구 왕산로 214 
",NO,02-3707-1367
519,안성공도,"
경기도 안성시 공도읍 공도로 93 
",NO,031-657-2716
518,고양도래울,"
경기도 고양시 덕양구 삼원로 83, 108,109호 원흥동 광양프런티어밸리 6차
",NO,031-962-2392
517,울산유곡,"
울산광역시 중구 종가3길 23, 1층 
",NO,052-245-9138
516,청주오창,"
충청북도 청주시 청원구 오창읍 중심상업로 30, 106~107호 
",NO,043-218-6667
515,파주야당역,"
경기도 파주시 경의로 1080, 102호 
",NO,031-949-9312
514,전주혁신,"
전라북도 전주시 덕진구 안전로148 
",NO,063-222-5700
513,구미시청,"
경상북도 구미시 송정동 28-6 
",NO,054-444-7999
512,구미산동,"
경상북도 구미시 산동읍 신당1로 58, 104호 105호 
",NO,054-471-8300
511,세종아름,"
세종특별자치시 아름동 1329, 111호~112호 
",NO,044-863-1384
510,사당역,"
서울시 서초구 동작대로 24 
",NO,02-6941-0386
509,양재역,"
서울시 서초구 남부순환로 2606, 1층 
",NO,02-579-5227
508,세종새롬,"
세종특별자치시 새롬중앙로 62-15, 해피라움W 102, 103호 
",NO,044-998-8888
507,대구태전,"
대구시 북구 칠곡 중앙대로 332 
",NO,053-325-3024
506,신도림,"
서울시 구로구 경인로 661, 1층 101호 
",NO,02-2068-0269
505,남양주호평,"
경기도 남양주시 호평로 48 
",NO,070-7680-9000
504,수락산역,"
서울특별시 노원구 동일로 1669 
",NO,02-2135-2535
503,용인흥덕,"
경기 용인시 기흥구 흥덕2로87번길 18 
",NO,031-215-3235
502,익산영등,"
전북 익산시 무왕로 1074 
",NO,063-833-3522
501,울산병영,"
울산광역시 중구 번영로 567, 1층 
",NO,052-271-9988
500,고려대,"
서울 성북구 고려대로 24길 20 
",NO,02-926-1269
499,경산사동,"
경북 경산시 백자로 71, 102호 
",NO,053-268-1515
498,제주공항,"
제주시 월성로4길 80 
",NO,064-713-1129
497,시흥능곡역,"
경기 시흥시 능곡번영길 26 (에스피타워/101, 102호) 
",NO,031-311-6194
496,대구죽전,"
대구광역시 달서구 와룡로 123 
",NO,053-524-7770
495,가락시장,"
서울시 송파구 중대로 109 (대동빌딩 1층) 
",NO,02-6285-6110
494,의정부용현,"
경기도 의정부시 충의로 83 
",NO,031-853-8244
493,부산기장메가마트,"
부산광역시 기장군 일광읍 기장대로 673, 메가마트 1층 
",NO,051-724-7750
492,전주전북대,"
전라북도 전주시 덕진구 명륜4길12 
",NO,063-255-1154
491,대구범어,"
대구광역시 수성구 동대구로 389 
",NO,070-4135-7070
490,망원한강공원,"
서울 마포구 마포나루길 407 
",NO,02-332-6612
489,익산모현,"
전라북도 익산시 선화로77 
",NO,063-841-1211
488,홍성,"
충남 홍성군 홍성읍 대교리 69-2 
",NO,041-631-1013
487,인천갈산,"
인천시 부평구 주부토로 236(인천테크노밸리)u1/154,155호 
",NO,032-209-1883
486,광주일곡,"
광주광역시 북구 설죽로 518-4 
",NO,062-575-6002
485,인천동암,"
인천광역시 부평구 열우물로 45 
",NO,032-421-6690
484,대전복합터미널,"
대전광역시 동구 동서대로 1695번길 16 
",NO,042-622-6660
483,군포AK플라자금정,"
경기 군포시 엘에스로 143(금정동) (233호, 234호) 
",NO,031-427-5476
482,남양주별내,"
경기도 남양주시 별내중앙로 26 103,104호(별내동) 
",NO,031-571-1105
481,청주분평,"
충북 청주시 서원구 분평동 568번지 
",NO,043-283-2139
480,인천성모병원,"
인천광역시 부평구 동수로 49, 1층 (부평동) 
",NO,032-224-4935
479,군산대,"
전라북도 군산시 황룡로 10 
",NO,063-471-1911
478,마산이마트,"
경남 창원시 마산합포구 서성로3  
",NO,070-8648-1709
477,가산그레이트밸리,"
서울 금천구 디지털로9길 32 
",NO,02-866-7119
476,서울시립대학교,"
서울특별시 동대문구 서울시립대로 163 
",NO,02-6490-5866
475,부산개금,"
부산광역시 부산진구 가야대로 486 해동빌딩 1층  
",NO,051-892-0929
474,수원로데오,"
경기 수원시 팔달구 매산로 7 
",NO,031-244-0889
473,보령DT,"
충청남도 보령시 한내로 62 
",NO,041-936-1771
472,방학역,"
서울특별시 도봉구 도봉로 684 
",NO,02-956-1237
471,광명일직,"
경기도 광명시 양지로19, 어반브릭스B동 1층 
",NO,02-899-6690
470,덕성여대,"
서울특별시 도봉구 삼양로 538 
",NO,02-6369-1990
469,광주선운,"
광주광역시 광산구 어등대로 418 
",NO,062-943-1116
468,인천작전,"
인천광역시 계양구 계양대로 38, 1층 102호 103호 
",NO,070-8824-5882
467,포항남부DT,"
경상북도 포항시 새천년대로 526 
",NO,054-278-0989
466,용인기흥롯데프리미엄아울렛,"
경기도 용인시 기흥구 신고매로 124 
",NO,031-803-6336
465,창원중앙역,"
경남 창원시 의창구 용동로 85 
",NO,055-609-8787
464,천안백석,"
충남 천안시 서북구 동서대로 47(두정동) 
",NO,041-566-4297
463,평택고덕,"
경기 평택시 고덕면 고덕여염9길 40 
",NO,031-647-0151
462,파주LGD,"
경기도 파주시 월롱면 엘지로 245 
",NO,031-933-0659
461,논산,"
충남 논산시 내동 314-6 
",NO,041-734-9595
460,대구이시아폴리스,"
대구광역시 동구 팔공로 51길 15-8 1층 103호
",NO,053-985-6589
459,중곡역,"
서울시 광진구 중곡동 30-80 
",NO,02-456-9665
458,양산덕계메가마트,"
경남 양산시 덕계로 60-1 C동 1층
",NO,070-8615-8889
457,충무로,"
서울 중구 퇴계로 197 
",NO,02-2277-0883
456,나주혁신,"
전라남도 나주시 빛가람로 677 
",NO,061-335-1110
455,하남미사역,"
경기도 하남시 미사강변동로 74 
",NO,031-792-1146
454,울산야음,"
울산 남구 수암로 138 
",NO,052-700-8565
453,성남남위례역,"
경기도 성남시 위례광장로 21-13 120, 121, 122호 
",NO,031-751-5582
452,고양식사,"
경기도 고양시 일산동구 위시티로 18 
",NO,031-965-9400
451,신림,"
서울 관악구 신림로 318 
",NO,02-888-8884
450,수원능실,"
경기 수원시 권선구 호매실동 1401 중앙파크뷰 
",NO,031-292-8624
449,진주경상대칠암캠퍼스,"
경남 진주시 동진로 30 
",NO,055-759-4999
448,동탄역,"
경기도 화성시 동탄역로150   롯데캐슬 트리니티 118
",NO,031-374-6040
447,판교역,"
경기 성남시 분당구 삼평동 741 
",NO,031-604-2580
446,남양주다산역,"
경기도 남양주시 다산중앙로 145번길 9 
",NO,031-566-8842
445,경산대구대,"
경상북도 경산시 진량읍 대구대로 201 과학생명융합대학 3호관 
",NO,053-856-7073
444,광주유스퀘어,"
광주광역시 서구 무진대로 904 
",NO,062-361-1121
443,산본사거리,"
경기도 군포시 고산로 694 
",NO,031-392-3327
442,은평구청,"
서울시 은평구 은평로 200-1 
",NO,02-388-1479
441,인천산곡역,"
인천시 부평구 길주로 364번길 9 
",NO,032-361-7848
440,수원천천,"
경기도 수원시 장안구 만석로19번길 11-2 
",NO,031-271-0703
439,중계은행사거리,"
서울특별시 노원구 한글비석로 269 
",NO,02-952-2266
438,화성송산그린시티,"
경기도 화성시 수노을중앙로 130 
",NO,031-355-9152
437,테헤란로,"
서울특별시 강남구 테헤란로 314 지하1층
",YES,02-555-1014
436,부산롯데백화점광복,"
부산시 중구 중앙대로2 4층 
",NO,051-678-3430
435,대구율하롯데몰,"
대구광역시 동구 안심로 80, 1층(율하동, 롯데쇼핑프라자) 
",NO,053-607-2780
434,광주신용,"
광주 북구 첨단연신로 91번길 10 
",NO,062-575-0614
433,상봉역,"
서울특별시 중랑구 망우로 316 
",NO,02-432-2938
432,부산하단아트몰링,"
부산시 사하구 낙동남로1413 
",NO,051-999-7301
431,광주신창,"
광주광역시 광산구 신창로 121 1층 
",NO,062-953-1131
430,고양원흥역,"
경기도 고양시 덕양구 원흥5로 25 
",NO,031-965-9965
429,신정네거리역,"
서울특별시 양천구 중앙로 265 
",NO,02-2607-9979
428,애오개역,"
서울특별시 마포구 마포대로 180 
",NO,02-702-7672
427,정릉,"
서울 성북구 보국문로 40 
",NO,02-6498-8889
426,인천송도지웰푸르지오시티,"
인천 연수구 하모니로 144 
",NO,032-831-7900
425,신금호역,"
서울 성동구 금호로 173 
",NO,02-2235-6392
424,인천검단사거리,"
인천시 서구 완정로 159 
",NO,032-567-1995
423,대전건양대병원,"
대전광역시 서구 관저동로 170 1층, 108~109호
",NO,042-545-5451
422,인천서창,"
인천시 남동구 서창남로41 
",NO,032-471-6699
421,창원파티마병원,"
경상남도 창원시 의창구 창이대로 45 창원파티마병원
",NO,070-4791-1700
420,수원역사,"
경기도 수원시 팔달구 덕영대로924 
",NO,031-240-0889
419,부산연산트레이더스,"
부산광역시 연제구 연산동 137-5 
",NO,051-751-1005
418,부천원종,"
경기도 부천시 소사로 742 
",NO,070-7762-7770
417,고양원당,"
경기도 고양시 덕양구 호국로 781 
",NO,031-967-1333
416,천호역,"
서울 강동구 천호대로 1012  
",NO,02-483-1079
415,울산송정,"
울산광역시 북구 화산로 115 106,107호
",NO,052-286-9988
414,학동역,"
서울 강남구 학동로 171 
",YES,02-515-1014
413,대구다사,"
대구광역시 달성군 다사읍 달구벌대로 855 
",NO,070-4143-6238
412,창원유니시티,"
경상남도 창원시 의창구 중동중앙로 47 어반브릭스
",NO,055-255-2439
411,전주송천DT,"
전라북도 전주시 덕진구 동부대로 1004 
",NO,063-255-1121
410,세종시청,"
세종특별자치시 한누리대로 2144 1F #101~103동
",NO,044-868-0245
409,노량진역,"
서울 동작구 노량진로 152-1 
",YES,02-815-1014
408,상일동,"
서울특별시 강동구 상일로6길 21 
",NO,070-8800-0217
407,광주봉선,"
광주광역시 남구 봉선로 176 
",NO,062-673-0007
406,울산덕신,"
울산광역시 울주군 온산읍 덕신로 261 
",NO,052-239-0093
405,동탄하나로클럽,"
경기도 화성시 동탄순환대로27길 30 1층
",NO,031-376-1418
404,의왕포일,"
경기도 의왕시 안양판교로 101 1층
",NO,031-422-7175
403,양주옥정,"
경기도 양주시 옥정로 214 106호,107호 
",NO,031-858-2270
402,화성봉담,"
경기도 화성시 봉담읍 동화길 51 
",NO,031-5183-3960
401,부천옥길,"
경기도 부천시 양지로 205 근생 113,1145호
",NO,032-345-4907
400,울산진장,"
울산광역시 북구 진장17길 10 1층
",NO,052-916-0186
399,창원대동백화점,"
경상남도 창원시 성산구 원이대로 730 1층
",NO,055-212-8899
398,구로NC,"
서울특별시 구로구 구로중앙로 152 
",NO,02-6923-2155
397,묵동,"
서울특별시 중랑구 동일로 952 101-1호
",NO,02-978-3434
396,용인김량장,"
경기도 용인시 처인구 금령로 71번길 3 
",NO,031-328-2929
395,경산하양,"
경상북도 경산시 하양읍 하양로 34 
",NO,053-857-5761
394,광주오치,"
광주광역시 북구 설죽로 334 
",NO,062-464-8848
393,등촌역,"
서울특별시 양천구 공항대로 552 101호
",NO,02-6053-2543
392,울산구영,"
울산광역시 울주군 범서읍 구영로 108 
",NO,052-248-8236
391,의정부역,"
경기도 의정부시 신흥로 257번길 6 
",YES,031-878-7811
390,양산증산,"
경상남도 양산시 물금읍 야리1길 17 
",NO,055-781-2236
389,광주금호,"
광주광역시 서구 금화로 58 1층
",NO,062-681-1121
388,통영무전,"
경상남도 통영시 원문로 27 
",NO,055-648-0772
387,수서역,"
서울특별시 강남구 밤고개로 1길 10 B1
",NO,02-445-1636
386,대전송촌,"
대전광역시 대덕구 계족산로81번길 70 
",NO,042-623-6800
385,길동역,"
서울특별시 강동구 길동 389-2 길동 1층 103,110호
",NO,02-470-6032
384,분당수내,"
경기도 성남시 분당구 백현로101번길 21 
",NO,031-715-0889
383,김해이마트,"
경상남도 김해시 김해대로 2232 이마트 1층
",NO,055-339-2413
382,시흥은계,"
경기도 시흥시 은계번영길 21 
",NO,031-312-1587
381,부산역,"
부산광역시 동구 중앙대로 206 
",NO,070-4090-3721
380,석촌역,"
서울특별시 송파구 송파대로 438 106호, 107호   
",NO,02-420-4320
379,화성남양,"
경기도 화성시 남양읍 시청로 6 
",NO,031-357-4637
378,전주전북도청,"
전라북도 전주시 완산구 홍산중앙로 22 
",NO,063-903-1191
377,광주주월,"
광주광역시 남구 서문대로 749 
",NO,062-456-1181
376,광주하남,"
광주광역시 광산구 무진대로279 
",NO,062-446-0072
375,광주운암,"
광주광역시 북구 북문대로117 
",NO,062-462-1125
374,거제고현,"
경상남도 거제시 거제중앙로 1894 104호,105호
",NO,055-634-0979
373,경산영남대,"
경상북도 경산시 대학로 281-1 
",NO,053-818-7771
372,목포남악,"
전라남도 무안군 삼향읍 남악3로 79 
",NO,061-980-3310
371,대구반월당,"
대구광역시 중구 달구벌대로 2076 
",NO,070-4122-0077
370,대구교대,"
대구광역시 남구 중앙대로 243 
",NO,053-622-6348
369,성남위례,"
경기도 성남시 수정구 위례광장로 104 
",NO,031-602-6126
368,수원아주대,"
경기도 수원시 팔달구 아주로 49-1 
",NO,031-211-0369
367,부산사상,"
부산광역시 사상구 사상로 211 
",NO,051-900-5226
366,당진읍내,"
충청남도 당진시 당진중앙2로 127 금화빌딩 1층 101호
",NO,041-356-2731
365,쌍문역,"
서울특별시 도봉구 도봉로 468 1층 102호, 102-1호
",NO,02-999-5906
364,명지대,"
서울특별시 서대문구 거북골로 23 
",NO,02-374-7300
363,삼양솔샘,"
서울특별시 강북구 삼양로 162 
",NO,02-6952-3399
362,목포상동,"
전라남도 목포시 백년대로 342 
",NO,061-980-1191
361,대구동촌DT,"
대구 동구 해동로 259  
",YES,070-8851-0101
360,진주혁신,"
경상남도 진주시 충의로 20-4 1층
",NO,055-758-0250
359,대구광장,"
대구광역시 서구 달구벌대로 1689 
",NO,053-573-3030
358,낙성대역,"
서울특별시 관악구 남부순환로 1904 
",NO,02-877-6687
357,부산홈플러스아시아드,"
부산광역시 연제구 종합운동장로 7 
",NO,051-506-0122
356,천안청수,"
충청남도 천안시 동남구 청수11로 16 
",NO,041-414-1421
355,봉은사역,"
서울특별시 강남구 봉은사로 627 
",NO,02-545-5729
354,대구침산,"
대구광역시 북구 침산남로 157 
",NO,053-357-7770
353,대구시지,"
대구광역시 수성구 달구벌대로 3201 
",NO,070-4146-0154
352,석촌호수,"
서울특별시 송파구 석촌호수로 298 
",NO,02-424-0020
351,광주수완,"
광주광역시 광산구 장신로 133 1층
",NO,062-419-1131
350,김포사우,"
경기도 김포시 돌문로 43 
",NO,070-4234-3277
349,광교엘포트,"
경기도 수원시 영통구 광교중앙로 145 
",NO,031-217-5570
348,대구수성구청역,"
대구광역시 수성구 달구벌대로 2513 
",NO,053-744-3688
347,부산좌동,"
부산광역시 해운대구 해운대로 794 엘리움 빌딩 104호
",NO,051-731-7717
346,대구지산,"
대구광역시 수성구 지범로 180 1F
",NO,053-782-5761
345,수지롯데몰,"
경기도 용인시 수지구 성복2로 38 
",NO,031-5174-2654
344,대구월성,"
대구광역시 달서구 조암로 9 
",NO,053-643-8400
343,대구테크노폴리스,"
대구광역시 달성군 현풍읍 테크노상업로 62 
",NO,070-8844-1379
342,대림삼거리,"
서울특별시 영등포구 시흥대로 681 삼성YJ그랜드빌딩 신관동 1층
",NO,02-847-8255
341,부산동의대,"
부산광역시 부산진구 엄광로 176 
",NO,051-890-3366
340,부산명지국제신도시,"
부산광역시 강서구 명지국제8로 264 
",NO,051-292-2588
339,왕십리역,"
서울특별시 성동구 왕십리로 328 
",NO,02-2295-1800
338,포이사거리,"
서울특별시 강남구 논현로 84 1층
",NO,02-577-5227
337,부산W스퀘어,"
부산광역시 남구 분포로 145 1층 1055, 1056호 (용호동, 더블유)
",NO,070-8648-3439
336,동덕여대,"
서울특별시 성북구 화랑로13길 10 
",NO,02-6404-2212
335,울산옥동,"
울산광역시 남구 문수로 332 
",NO,052-271-6600
334,당산역,"
서울특별시 영등포구 양평로 58 
",NO,02-2636-1014
333,광주상무,"
광주광역시 서구 치평로 86 
",NO,062-446-1131
332,송파역,"
서울특별시 송파구 송파대로 374 
",NO,02-420-2160
331,서산호수공원,"
충청남도 서산시 호수공원 12로 26 
",NO,041-663-7852
330,대구평리DT,"
대구 서구 서대구로 111 (평리동) 1층
",YES,070-4147-7000
329,용인동백,"
경기도 용인시 기흥구 동백중앙로 283 골드프라자 A동 105호, 106호
",NO,031-285-4857
328,광주첨단,"
광주광역시 광산구 첨단중앙로 110 1층
",NO,062-413-1121
327,성남태평,"
경기도 성남시 수정구 수정로 179 
",NO,031-755-6785
326,제주대,"
제주특별자치도 제주시 제주대학로 113 
",NO,064-752-7739
325,선유도역,"
서울특별시 영등포구 양평로 121 
",NO,02-2632-1232
324,대구칠곡3지구,"
대구광역시 북구 학정로 422 1층
",NO,070-4246-5154
323,광주전남대후문,"
광주광역시 북구 우치로 124 1층
",NO,062-452-1121
322,부산반여,"
부산광역시 해운대구 선수촌로 78 
",NO,051-783-6384
321,대구상인역,"
대구 달서구 월배로 222 (상인동)  1층
",NO,053-643-0013
320,평택비전,"
경기도 평택시 비전5로 15 
",NO,031-652-6777
319,잠실역,"
서울특별시 송파구 올림픽로 293-19 
",NO,02-2202-1300
318,대구계대동문,"
대구광역시 달서구 계대동문로 9 
",NO,053-593-5050
317,대구동성로2호,"
대구광역시 중구 동성로 6길 42 
",NO,053-253-7801
316,인천길병원,"
인천광역시 남동구 구월남로 153 
",NO,070-8888-3277
315,수원장안구청,"
경기도 수원시 장안구 경수대로 927 
",NO,031-244-8490
314,동탄카림,"
경기도 화성시 동탄대로시범길 134 
",NO,031-373-2204
313,독립문,"
서울특별시 종로구 송월길 155 경희궁자이4단지 상가 1층 4104-4106호
",NO,02-730-8255
312,가양역,"
서울특별시 강서구 양천로 470 그레이스힐
",NO,02-2668-6777
311,양천향교역,"
서울특별시 강서구 강서로 471 엠코지니어스타 A동 1층 109, 110호
",NO,02-3662-6697
310,부산서면동천로,"
부산광역시 부산진구 동천로 71 
",NO,051-817-1232
309,동탄센트럴파크,"
경기도 화성시 동탄지성로 117 
",NO,031-8003-8825
308,수원영통구청,"
경기도 수원시 영통구 효원로 383 
",NO,031-217-7772
307,정동,"
서울특별시 중구 새문안로 30 
",NO,02-737-0808
306,오산대역,"
경기도 오산시 내삼미로 89 
",NO,031-378-8004
305,서판교점,"
경기도 성남시 분당구 운중로 142 판교메디컬타워 1층
",NO,031-707-7911
304,김포풍무역,"
경기도 김포시 풍무1로 65-1 풍무시티프라자
",NO,031-984-0606
303,여의도화재보험,"
서울특별시 영등포구 국제금융로 6길 38 
",NO,02-6951-1118
302,대구경북대북문,"
대구광역시 북구 대학로 87 
",NO,053-951-7802
301,선정릉역,"
서울특별시 강남구 봉은사로 328 
",NO,02-555-9389
300,약수역,"
서울특별시 중구 다산로 153 
",NO,02-2256-9891
299,동대문역,"
서울특별시 종로구 종로 263-1 
",NO,02-747-9809
298,장안사거리,"
서울특별시 동대문구 답십리로 293 
",NO,02-3390-4970
297,천안충무로,"
충청남도 천안시 서북구 충무로 201 
",NO,041-579-4321
296,용인기흥구청,"
경기도 용인시 기흥구 구갈로 71-18 기흥더샵프라임뷰
",NO,031-284-3161
295,광교경기대후문,"
경기도 수원시 영통구 대학로 34 
",NO,070-7750-2040
294,군자역,"
서울특별시 광진구 능동로 290 삼일빌딩
",NO,02-456-6444
293,신설동역,"
서울특별시 동대문구 왕산로 15-1 
",NO,02-928-0258
292,시흥대야,"
경기도 시흥시 비둘기공원로 21  대야하이빌
",NO,031-317-4901
291,동양미래대,"
서울특별시 구로구 경인로 445  동양미래대 8호관
",NO,02-2686-6890
290,인천서구청,"
인천광역시 서구 탁옥로 50 A동 1층
",NO,032-565-2481
289,성남단대오거리역,"
경기도 성남시 중원구 산성대로372번길 10 
",NO,031-732-1137
288,고덕역,"
서울특별시 강동구 동남로 75길 13-10 
",NO,02-427-0217
287,진주평거탑마트,"
경상남도 진주시 새평거로 136 
",NO,055-748-0185
286,대전은행,"
대전광역시 중구 대종로 488번길 25 
",NO,042-221-7050
285,수원호매실,"
경기도 수원시 권선구 금곡로 204 
",NO,031-292-4862
284,상암DMC푸르지오시티,"
서울특별시 마포구 월드컵북로54길 25 상암DMC 푸르지오시티 103호
",NO,02-303-4566
283,광장,"
서울특별시 광진구 아차산로 480 
",NO,02-455-2224
282,광주충장로,"
광주광역시 동구 중앙로 160번길 31-18  
",NO,062-236-1121
281,청주충북대,"
충청북도 청주시 서원구 1순환로 676  
",NO,043-267-7578
280,제주시청,"
제주특별자치도 제주시 중앙로  252  
",NO,064-759-7739
279,제주연동신시가지,"
제주특별자치도 제주시 국기로 1길 2  
",NO,064-711-1128
278,군산나운,"
전라북도 군산시 공단대로 374 
",NO,063-464-1234
277,청주대,"
충청북도 청주시 청원구 대성로 301  
",NO,043-252-8184
276,동두천,"
경기도 동두천시 지행로 81  
",NO,031-863-2270
275,대구동성로,"
대구광역시 중구 국채보상로 598  
",YES,053-255-6841
274,부산대연,"
부산광역시 남구 수영로 246  
",NO,051-612-7976
273,부산진역,"
부산광역시 동구 중앙대로 365  
",NO,051-443-3650
272,부산토곡,"
부산광역시 연제구 과정로 237번길 119  
",NO,051-753-6005
271,부산장전역,"
부산광역시 금정구 중앙대로 1719번길 30 
",NO,051-704-3535
270,부산영도,"
부산광역시 영도구 태종로 107 
",NO,051-417-7852
269,김해장유,"
경상남도 김해시 능동로 149번길 8 
",NO,055-338-1263
268,부산남천,"
부산광역시 수영구 수영로 462 
",NO,051-612-2231 
267,부산명륜,"
부산광역시 동래구 명륜로 187번길 49 
",NO,051-558-3210 
266,김해진영,"
경상남도 김해시 진영읍 김해대로361번길 16  
",NO,055-342-8781
265,부산시청,"
부산광역시 연제구 중앙대로 1043 
",NO,051-868-4140
264,부산부민,"
부산광역시 서구 구덕로 226번길 3 
",NO,051-254-6383
263,부산법원,"
부산광역시 연제구 법원로 32번길 18, 1층 101-1호(거제동) 
",NO,051-507-1230
262,김해삼계,"
경상남도 김해시 가야로 163  
",NO,055-339-4406
261,부산명지,"
부산광역시 강서구 명지오션시티4로 61 
",NO,051-203-6767
260,김해인제대,"
경상남도 김해시 인제로 184 1층
",NO,055-325-5226
259,부산정관,"
부산광역시 기장군 정관읍 정관로 565 
",NO,051-727-9900
258,부산덕천,"
부산광역시 북구 덕천1길 22 
",NO,051-337-0217
257,김해율하,"
경상남도 김해시 율하3로 42 
",NO,055-311-3940
256,부산양정,"
부산광역시 부산진구 양지로 4 
",NO,051-868-7937
255,부산주례,"
부산광역시 사상구 가야대로 366번길 43 
",NO,051-312-1588
254,부산대역,"
부산광역시 금정구 금정로 60번길 40 
",NO,051-517-3331
253,부산센텀,"
부산광역시 해운대구 센텀5로 55 
",NO,051-741-6777
252,부산경성대,"
부산광역시 남구 수영로 325번길 12 
",NO,051-625-5617
251,부산서면롯데,"
부산광역시 부산진구 가야대로 784번길 23 
",NO,051-809-8337
250,부산해운대비치,"
부산광역시 해운대구 구남로 42-1 
",NO,051-731-2234
249,부산사직,"
부산광역시 동래구 사직북로 7 
",NO,051-507-8434
248,부산중앙,"
부산광역시 중구 중앙대로 102  
",NO,051-462-6200
247,김해내동,"
경상남도 김해시 내외중앙로 74 
",NO,055-337-7735
246,부산광안비치,"
부산광역시 수영구 광안해변로 239 
",NO,051-757-2232
245,부산대,"
부산광역시 금정구 부산대학로 48 
",NO,051-513-3331
244,부산화명,"
부산광역시 북구 화명신도시로 130 
",NO,051-361-1015
243,부산동아대,"
부산광역시 사하구 낙동대로 542  
",NO,070-8876-6040
242,부산부경대,"
부산광역시 남구 용소로 24 
",NO,051-611-5617
241,부산광복,"
부산광역시 중구 광복중앙로 3-1 
",NO,051-246-7789
240,부산서면,"
부산광역시 부산진구 중앙대로 690 
",NO,051-802-9404
239,창원대방,"
경상남도 창원시 성산구 가양로 124번길 5-5 103호
",NO,055-274-7375
238,진해석동,"
경상남도 창원시 진해구 냉천로 62 
",NO,055-552-2861
237,마산경남대,"
경상남도 창원시 마산합포구 3.15대로 1  
",NO,055-246-3555
236,창원용지호수,"
경상남도 창원시 의창구 용지로 169번길 3 
",NO,055-281-5353
235,창원리베라,"
경상남도 창원시 성산구 중앙대로100번길 9 리베라컨벤션 1층 107호
",NO,055-262-6985
234,울산일산,"
울산광역시 동구 방어진순환도로 662 
",NO,052-252-8000
233,창원상남,"
경상남도 창원시 성산구 단정로 25 
",NO,055-275-4756
232,마산합성,"
경상남도 창원시 마산회원구 합성옛길 137 
",NO,055-253-0202
231,경남거창,"
경상남도 거창군 거창읍 중앙로 120 
",NO,055-945-0020
230,울산성남,"
울산광역시 중구 시계탑거리 17 
",NO,052-246-5078
229,진주중안,"
경상남도 진주시 진양호로 525 
",NO,055-748-9994
228,울산공업탑,"
울산광역시 남구 삼산로 11 
",NO,052-267-2121
227,진주경상대,"
경상남도 진주시 진주대로 548 
",NO,055-755-3477
226,울산무거,"
울산광역시 남구 대학로 108 
",NO,052-249-5008
225,울산삼산,"
울산광역시 남구 삼산로 267번길 6-15  
",NO,052-227-7700
224,경남남양산,"
경상남도 양산시 물금읍 범어로 60  
",NO,055-367-7888
223,거제아주,"
경상남도 거제시 아주1로2길 62 
",NO,055-681-5952
221,경남양산,"
경남 양산시 중부동 692-7 110호 
",NO,055-381-1100
220,아산배방,"
충청남도 아산시 배방읍 모산로 123 
",NO,041-532-8220
219,대전태평,"
대전광역시 중구 태평로 71 
",NO,042-300-7707
218,대전유성터미널,"
대전광역시 유성구 봉명동 566-4 
",NO,042-822-7006
217,대전목원대,"
대전광역시 서구 도안북로 93번길 31 
",NO,042-825-4080
216,대전전민,"
대전광역시 유성구 유성대로 1732 
",NO,042-867-6841
215,대전한남대,"
대전광역시 대덕구 한남로 25번길 5 
",NO,042-621-6213
214,대전가오,"
대전광역시 동구 동구청로 95 
",NO,042-272-9085
213,대전우송대,"
대전광역시 동구 동대전로 168 1층
",NO,042-622-5979
212,대전카이스트,"
대전광역시 유성구 대학로 291 정문술빌딩 1층
",NO,042-863-7001 
211,대전충남대정문,"
대전광역시 유성구 한밭대로 414 
",NO,042-824-1003 
210,천안신불당,"
충청남도 천안시 서북구 불당25로 138 
",NO,041-558-0017
209,대전오류,"
대전광역시 중구 계백로 1715 102호
",NO,042-528-4312
208,대전월평선사,"
대전광역시 서구 월평북로 95 
",NO,042-486-1363
207,대전탄방점,"
대전광역시 서구 문정로 88 
",NO,042-488-6013
206,대전노은점,"
대전광역시 유성구 노은로 150  
",NO,042-822-4042
205,공주신관,"
충청남도 공주시 흑수골길 35 
",NO,041-881-1124
204,아산터미널,"
충청남도 아산시 번영로224번길 4 
",NO,041-548-8484
203,대전용문,"
대전광역시 서구 계룡로 626 
",NO,042-525-2991
202,대전시청,"
대전광역시 서구 둔산로 123번길 21 1층
",NO,042-489-1117
201,세종어진,"
세종특별자치시 한누리대로 492, 101호 
",NO,044-867-3797
200,아산온양,"
충청남도 아산시 온궁로 24-2 
",NO,041-544-2700
199,천안쌍용,"
충청남도 천안시 서북구 월봉로 79 
",NO,041-572-4466
198,대전관저,"
대전광역시 서구 관저로 142 
",NO,042-543-0303 
197,대전관평,"
대전광역시 유성구 관들1길 49 
",NO,042-935-5600
196,천안성정,"
충청남도 천안시 서북구 서부2길 78 
",NO,041-587-2345
195,대전둔산,"
대전광역시 서구 둔산로 18 
",NO,042-488-5200
194,대전궁동,"
대전광역시 유성구 궁동로18번길 10 
",NO,042-822-5154
193,천안신부,"
충청남도 천안시 동남구 만남로 22 
",NO,041-569-0003
192,부천위브더스테이트,"
경기도 부천시 신흥로 170 
",NO,032-611-0420
191,광명사거리역,"
경기도 광명시 광명로 892-1 
",NO,02-2682-2111
190,부천역곡역,"
경기도 부천시 부일로 725 
",NO,032-876-4908
189,광명소하,"
경기도 광명시 금하로 464  
",NO,02-899-6747
188,광명철산역,"
경기도 광명시 철산로 15 
",NO,02-2611-8006
187,고양행신,"
경기도 고양시 덕양구 충장로 11 
",NO,031-994-8929
186,김포장기동,"
경기도 김포시 김포한강4로 118 
",NO,031-987-3824
185,시흥정왕,"
경기도 시흥시 중심상가로 195 
",NO,031-433-0036
184,인천완정역,"
인천광역시 서구 서곶로 837 
",NO,032-564-0837
183,일산고양삼송,"
경기도 고양시 덕양구 권율대로 901 
",NO,02-381-9257
182,인천인하대,"
인천광역시 미추홀구 인하로 100 
",NO,070-8835-3277
181,고양대화역,"
경기도 고양시 일산서구 중앙로 1581 105,106호 
",NO,031-915-1995
180,인천모래내시장역,"
인천광역시 남동구 호구포로 818 퍼스트하임프라자 1층
",NO,032-466-5882
179,고양후곡,"
경기도 고양시 일산서구 일산로 539 
",NO,050-7143-37738
178,시흥배곧신도시,"
경기도 시흥시 배곧3로 96 정왕동 2514-1, 111호
",NO,031-433-1301
177,고양백마학원가,"
경기도 고양시 일산동구 일산로 233 
",NO,050-7142-05250
176,일산고양터미널,"
경기도 고양시 일산동구 중앙로 1036 1층
",NO,031-936-7497
175,인천주안역,"
인천광역시 미추홀구 주안로 89 
",NO,032-876-4909
174,인천운서메가스타,"
인천광역시 중구 신도시남로142번길 6 
",NO,032-746-4538
173,고양탄현,"
경기 고양시 일산서구 일현로 97-11 상가동 1층(실내) 111호 
",NO,031-913-7977
172,부천시청,"
경기도 부천시 석천로169번길 22 
",NO,032-321-3277
171,인천계산역,"
인천광역시 계양구 경명대로 1055 
",NO,032-547-5550
170,인천구월동로데오,"
인천광역시 남동구 예술로 140번길 33  화성빌딩 102호
",NO,032-432-7999
169,일산주엽역,"
경기도 고양시 일산서구 중앙로 1415 
",NO,031-915-7649
168,인천부평중앙,"
인천광역시 부평구 부평문화로 63 
",NO,032-521-6789
167,인천계양구청,"
인천광역시 계양구 계산새로 85 
",NO,032-551-0886
166,인천삼산,"
인천광역시 부평구 체육관로 24 
",NO,032-507-7883
165,인천연수,"
인천광역시 연수구 먼우금로 194 메카오피스텔
",NO,032-815-7707
164,일산마두역,"
경기도 고양시 일산동구 중앙로 1191 굿모닝 법조타운 제 1층 101호
",NO,031-906-3226
163,인천송도트리플스트리트,"
인천 연수구 송도과학로16번길 33-3 송도 트리플스트리트
",NO,032-310-9545
161,인천논현,"
인천광역시 남동구 청능대로 583 중앙프라자
",NO,032-435-5955
160,인천송도센트럴파크,"
인천광역시 연수구 센트럴로 194 더샵센트럴파크2 A동 108호
",NO,032-834-3227
159,일산화정,"
경기도 고양시 덕양구 화정로 69 한화꿈에그린아파트
",NO,031-966-9668
158,부천역,"
경기도 부천시 부일로 448 프리존빌딩
",NO,032-611-1301
157,인천송도,"
인천광역시 연수구 신송로 122 
",NO,032-831-2530
156,인천부평시장역,"
인천 부평구 부흥로 264 동아웰빙타운 
",NO,032-522-6789
155,부천상동,"
경기도 부천시 상동로 87 가나베스트타운 103호
",NO,032-323-1706
154,부천송내역,"
경기도 부천시 부일로 203  상동스카이뷰자이
",NO,032-323-0265
153,일산레이킨스몰,"
경기도 고양시 일산서구 호수로 817 
",NO,031-924-5684
152,일산동구청,"
경기도 고양시 일산동구 정발산로 38 
",NO,031-906-6754
151,부천중동,"
경기도 부천시 길주로 288 
",NO,032-321-9757
150,평택로데오,"
경기도 평택시 중앙2로 16 
",NO,031-655-1386
149,수원경희대,"
경기도 수원시 영통구 덕영대로 1707 
",NO,031-204-3434
148,성남터미널,"
경기도 성남시 분당구 성남대로925번길 16 
",NO,031-705-7022
147,용인동천,"
경기도 용인시 수지구 신수로 767  분당수지유타워 제B동 111호
",NO,031-525-3336
146,안양인덕원역,"
경기도 안양시 동안구 관악대로 486 
",NO,031-423-1230
145,용인처인,"
경기도 용인시 처인구 명지로 17 
",NO,031-332-3070
144,광교중앙,"
경기도 수원시 영통구 센트럴타운로 107 
",NO,031-211-8886
143,용인죽전,"
경기도 용인시 기흥구 죽전로 20 죽전누리에뜰아파트 상가 B동 121호
",NO,031-889-8089
142,화성향남,"
경기도 화성시 향남읍 향남로 392 우성메디피아 1층 103호, 104호
",NO,031-353-3070
141,화성병점,"
경기도 화성시 효행로 1063 
",NO,031-237-8828
140,성남시청,"
경기도 성남시 중원구 성남대로997번길 51-20  
",NO,031-745-3030
139,안산한양대,"
경기도 안산시 상록구 한양대학로 60 
",NO,031-409-9007
138,광교상현역,"
경기도 용인시 수지구 광교중앙로 305 
",NO,031-212-1877
137,수원영통,"
경기도 수원시 영통구 봉영로 1623 
",NO,031-204-2224
136,판교브릿지타워,"
경기도 성남시 분당구 판교로227번길 6 
",NO,031-608-1409
135,안양평촌스마트스퀘어,"
경기도 안양시 동안구 시민대로327번길 6 112호
",NO,031-425-8511
134,동탄호수공원,"
경기도 화성시 동탄대로 181 A동
",NO,031-8058-6358
133,안산중앙,"
경기도 안산시 단원구 예술대학로 17 
",NO,031-414-4210
132,산본로데오,"
경기도 군포시 광정로 60 
",NO,031-391-0776
131,안성중앙,"
경기도 안성시 중앙로 401  
",NO,031-675-2716
130,안산한대역,"
경기도 안산시 상록구 광덕1로 385 
",NO,031-418-1900
129,안양1번가,"
경기도 안양시 만안구 만안로223번길 7  
",NO,031-464-5210
128,동탄하이페리온,"
경기도 화성시 동탄반석로 156 동탄하이페리온
",NO,031-8003-8878
127,안산고잔,"
경기도 안산시 단원구 광덕대로 151 
",NO,031-414-4200
126,동탄나루,"
경기도 화성시 동탄솔빛로 48 
",NO,031-8003-1138
125,수원성균관대,"
경기도 수원시 장안구 서부로 2066 성균관대학교 학생회관 2층
",NO,031-290-5448
124,수원인계,"
경기도 수원시 팔달구 권광로 204  
",NO,031-267-0533
123,용인수지,"
경기도 용인시 수지구 풍덕천로 122 하나로프라자 211호
",NO,031-898-0831
122,분당오리역,"
경기도 성남시 분당구 성남대로 43번길 10 하나EZ타워
",NO,031-711-5352
121,안양범계,"
경기도 안양시 동안구 시민대로 167 안양벤처텔
",NO,031-440-8490
120,안양평촌학원가,"
경기도 안양시 동안구 평촌대로 119 원평비젼프라자
",NO,031-385-5027
119,분당정자,"
경기도 성남시 분당구 성남대로 331번길 13  
",NO,070-8882-8212
118,분당미금역,"
경기도 성남시 분당구 돌마로 52 
",NO,031-717-5695
117,수원망포역,"
경기도 수원시 영통구 영통로 195 
",NO,031-203-0703
116,판교테크노밸리,"
경기도 성남시 분당구 대왕판교로 670 
",NO,031-739-8300
115,분당서현,"
경기도 성남시 분당구 서현로 184 엘지분당에클라트
",NO,031-709-2220
114,신논현,"
서울특별시 서초구 강남대로 499  
",YES,02-544-1014
113,압구정역,"
서울특별시 강남구 압구정로 28길 13 
",NO,02-548-1014
112,서초법원,"
서울특별시 서초구 법원로1길 1 
",NO,02-595-1718
111,선릉,"
서울특별시 강남구 테헤란로 337 
",NO,02-557-5004
110,가산디지털단지,"
서울특별시 금천구 가산디지털1로 165 가산비지니스센터 102호
",NO,02-1544-1852
109,언주역,"
서울특별시 강남구 봉은사로 206  대명빌딩
",NO,02-557-8805
108,여의도KBS 본관,"
서울특별시 영등포구 국회대로62길 25 교육시설재난공제회관
",NO,02-782-1518
107,독산,"
서울특별시 금천구 시흥대로 399 1층 112호
",NO,02-803-2346
106,발산역,"
서울특별시 강서구 마곡중앙6로 93 
",NO,02-3663-6837
105,문정역,"
서울특별시 송파구 법원로 114 현대엠스테이트 C동 119호
",NO,02-3012-1259
104,문래,"
서울특별시 영등포구 선유로 70 
",NO,02-2637-3002
103,삼성,"
서울특별시 강남구 삼성로 520 
",NO,02-2051-2008
102,노량진,"
서울특별시 동작구 노량진로 166 
",NO,02-812-1014
101,여의도국회의사당,"
서울특별시 영등포구 국회대로 70길 19  
",NO,02-761-1003
100,역삼,"
서울특별시 강남구 테헤란로 25길 20  
",NO,02-501-1554
99,강동성심병원,"
서울특별시 강동구 성안로 147 
",NO,02-476-1131
98,천호,"
서울특별시 강동구 올림픽로 664 
",NO,02-485-1077
97,양천구청,"
서울특별시 양천구 목동서로 349 센트럴프라자
",NO,02-2652-2521
96,강남우성,"
서울특별시 강남구 강남대로66길 6 
",NO,02-553-5232
95,논현역,"
서울특별시 서초구 강남대로 535 프린스빌딩
",YES,02-512-1014
94,영등포,"
서울특별시 영등포구 영중로 25 
",NO,02-2635-5255
93,잠실새내역,"
서울특별시 송파구 올림픽로 130 
",NO,02-425-5582
92,보라매,"
서울특별시 동작구 보라매로3길 29 해태보라매타워
",NO,02-832-2522
91,문정법조,"
서울특별시 송파구 충민로 5 송파한화오벨리스크
",NO,02-403-7344
90,신림역,"
서울특별시 관악구 신림로 344 SK허브그린
",NO,02-888-4455
89,오목교,"
서울특별시 양천구 오목로 315 
",NO,02-2644-5368
88,목동역,"
서울특별시 양천구 오목로 238 론드사옥 1층
",NO,02-2603-5368
87,교대,"
서울특별시 서초구 서초중앙로22길 47 문화빌딩
",NO,02-581-0696
86,신사,"
서울특별시 강남구 도산대로 124 대영빌딩
",NO,02-546-2007
85,대청,"
서울특별시 강남구 일원로3길 4 
",NO,02-459-7975
84,숭실대,"
서울시 동작구 사당로 10  
",YES,02-812-3552
83,화곡역,"
서울특별시 강서구 강서로 159-1  
",NO,02-2603-5353
82,방배,"
서울특별시 서초구 효령로 111 1층
",NO,02-896-6000
81,중앙대,"
서울특별시 동작구 흑석로 79 
",NO,02-815-6429
80,서울대,"
서울특별시 관악구 관악로 156 
",NO,02-887-6887
79,구로디지털,"
서울특별시 구로구 디지털로34길 55 코오롱싸이언스밸리 2차 109호 코오롱싸이언스밸리 2차 109호
",NO,02-2088-7279
78,강남역,"
서울특별시 강남구 강남대로96길 12 
",NO,02-557-4727
77,구산역,"
서울특별시 은평구 서오릉로 150   
",NO,02-355-4650
76,동대문역사문화공원,"
서울특별시 중구 장충단로 227-2 1~2F
",NO,02-2269-2100
75,국민대학교,"
서울특별시 성북구 정릉로 77 
",NO,02-910-6895
74,명동성당,"
서울특별시 중구 명동길 74 명동성당 B118호
",NO,02-318-6202
73,건대입구,"
서울특별시 광진구 아차산로 241 연한빌딩 102호
",NO,02-499-9292
72,성수역,"
서울특별시 성동구 아차산로 113 
",NO,02-497-2800
71,상왕십리,"
서울 성동구 상왕십리동 806-2 센트라스
",NO,02-2296-9898
70,서울숲,"
서울특별시 성동구 왕십리로 108-1 
",NO,02-499-2900
69,아차산역,"
서울특별시 광진구 천호대로 666 
",NO,02-455-5440
68,북촌,"
서울특별시 종로구 율곡로 67 
",NO,02-747-4400
67,미아역,"
서울특별시 강북구 도봉로 209 
",NO,02-946-1596
66,용산전자랜드,"
서울특별시 용산구 청파로 74 전자랜드 본관 A동 104호
",NO,02-706-6227
65,응암,"
서울특별시 은평구 은평로 108 101호
",NO,02-357-1479
64,강변역,"
서울특별시 광진구 강변역로4길 10 
",NO,02-446-0423
63,광운대역,"
서울특별시 노원구 광운로 57 
",NO,02-942-7779
62,구의,"
서울시 광진구 자양동 779-11 구의현대하이엘 1층
",NO,02-446-6444
61,마포구청,"
서울특별시 마포구 월드컵로 34길 7 
",NO,02-307-6196
60,신당역,"
서울특별시 중구 퇴계로 388 
",NO,02-2231-7088
59,수유역,"
서울특별시 강북구 오패산로 417 
",NO, 029981641
58,뚝섬유원지역,"
서울특별시 광진구 뚝섬로34길 67  광진트라팰리스 101호, 102호
",NO,02-467-4556
57,길음뉴타운,"
서울특별시 성북구 길음로 7길 6 
",NO,02-918-7432
56,동탄목동,"
경기 화성시 동탄신리천로 411 117호, 118호
",NO,02-461-7900
55,공덕역롯데캐슬,"
서울특별시 마포구 마포대로 109 롯데캐슬프레지던트
",NO,02-713-7775
54,망우,"
서울 중랑구 망우동 479 
",NO,02-432-9888
53,홍대아트,"
서울특별시 마포구 와우산로 117 102호
",NO,02-336-0522
52,성균관대,"
서울특별시 종로구 성균관로 41 
",NO,02-3673-0100
51,중랑역,"
서울특별시 중랑구 망우로 203 
",NO,02-437-7300
50,한남,"
서울특별시 용산구 대사관로 63 
",NO,02-790-2286
49,상수역,"
서울특별시 마포구 와우산로 44  1층
",NO,02-323-6934
48,을지로3가,"
서울특별시 중구 을지로 103-1  
",NO,02-2275-9890
47,회현,"
서울특별시 중구 소공로 35   남산롯데캐슬아이리스
",NO,02-3789-6467
46,연신내,"
서울특별시 은평구 연서로 215-1  
",NO,02-352-1500
45,홍제,"
서울특별시 서대문구 통일로 432-1 1층 
",NO,02-736-6535
44,미아사거리역,"
서울특별시 강북구 도봉로 41-1  
",NO,02-988-1641
43,신촌로데오,"
서울특별시 서대문구 연세로 23  
",NO,02-322-9431
42,순화동라마다,"
서울특별시 중구 칠패로 27 순화동 the# 주상복합
",NO,02-776-4518
41,을지로입구,"
서울특별시 중구 남대문로 112  
",NO,02-730-8777
40,종로5가,"
서울특별시 종로구 종로 213-1  
",NO,02-766-7537
39,성신여대,"
서울특별시 성북구 보문로 34길 78  
",NO,02-923-4010
38,합정역메세나폴리스,"
서울특별시 마포구 양화로 45 메세나폴리스
",NO,02-384-9890
37,한성대,"
서울특별시 성북구 동소문로 10  
",NO,02-744-4949
36,노원,"
서울특별시 노원구 상계동 723 노원빌딩 1층 (노해로 502)  
",NO,02-936-0501
35,광화문,"
서울특별시 종로구 새문안로 3길 19  
",NO,02-723-7222
34,이대,"
서울 서대문구 대현동 54-4  
",NO,02-364-8870
33,대학로,"
서울특별시 종로구 동숭길 101 현대엘리베이터
",NO,02-764-5656
32,경복궁,"
서울특별시 종로구 사직로 115  
",NO,02-725-5926
31,연희,"
서울특별시 서대문구 연희로 93 연희오피스텔
",NO,02-333-0388
30,남영역,"
서울특별시 용산구 한강대로 271  
",NO,02-706-5007
29,구파발역,"
서울특별시 은평구 진관2로 29-21  드림스퀘어
",NO,02-3157-3167
28,상암,"
서울특별시 마포구 월드컵북로 361 DMC 이안상암2단지 
",NO,02-533-9464
27,경희대,"
서울특별시 동대문구 회기동 16-70 
",NO,02-957-1589
26,공릉,"
서울특별시 노원구 공릉로 207 
",NO,02-977-0045
25,종암,"
서울 성북구 종암로 110   
",NO,02-909-0501
24,충정로,"
서울특별시 서대문구 충정로 23 풍산빌딩 지하 2층
",NO,02-393-8609
23,세종대,"
서울특별시 광진구 광나루로 390  
",NO,02-465-3285
22,망원역,"
서울특별시 마포구 월드컵로 87  마포로얄프라자
",NO,02-338-9933
21,시청,"
서울특별시 중구 세종대로 68 천일빌딩
",NO,02-777-9200
20,안국,"
서울특별시 종로구 우정국로 69 동일빌딩
",NO,02-735-9000
19,서울역동자,"
서울특별시 용산구 후암로 107 게이트웨이타워
",NO,02-777-8552
18,마포,"
서울특별시 마포구 마포대로 53  마포트라팰리스
",NO,02-715-0080
17,숙명여대,"
서울특별시 용산구 청파로47길 42 
",NO,02-702-2454
16,신촌,"
서울특별시 서대문구 신촌로 121 아남오피스텔 
",NO,02-3147-1248
15,외대,"
서울특별시 동대문구 이문로 116  
",NO,070-4137-7702
14,홍대,"
서울특별시 마포구 홍익로 10  
",NO,02-324-6688
13,종로,"
서울특별시 종로구 종로 77  통일빌딩
",NO,02-737-0034
12,한양대,"
서울특별시 성동구 마조로11 
",NO,02-2299-3555
11,성대,"
서울특별시 종로구 창경궁로 234 동화빌딩  
",NO,02-741-0677
10,군산 KE (미군부대 매장),"
- 
",NO,00
9,대구 FC (미군부대 매장),"
- 
",NO,00
8,왜관 FC (미군부대 매장),"
- 
",NO,00
7,평택 HMM (미군부대 매장),"
- 
",NO,00
6,평택 USFKHQ (미군부대 매장),"
- 
",NO,00
5,평택 TMM (미군부대 매장),"
- 
",NO,00
4,평택 FC (미군부대 매장),"
- 
",NO,00
3,오산 FC (미군부대 매장),"
- 
",NO,00
2,성남 K-16 FC (미군부대 매장),"
- 
",NO,00
1,용산 DHL (미군부대 매장),"
- 
",NO,00
